patient_id,condition1,condition2,condition3
1,0,1,0
2,1,0,1
3,0,0,1
4,0,0,1
5,0,0,1
6,1,0,0
7,0,1,1
8,0,0,0
9,0,1,0
10,1,1,0
11,0,0,0
12,0,0,0
13,0,1,1
14,0,0,1
15,1,0,1
16,0,1,1
17,1,1,0
18,1,0,1
19,1,1,0
20,0,0,1
21,1,0,0
22,0,0,0
23,1,1,1
24,1,1,0
25,1,1,0
26,1,1,1
27,1,1,0
28,1,0,1
29,1,0,1
30,1,0,1
31,0,0,0
32,0,1,0
33,1,0,0
34,1,1,1
35,1,0,0
36,0,1,1
37,1,1,1
38,0,0,0
39,0,0,1
40,0,0,0
41,0,0,0
42,0,1,0
43,1,0,0
44,1,0,0
45,1,1,1
46,1,0,1
47,1,0,1
48,0,0,0
49,1,0,0
50,1,0,0
51,0,1,1
52,1,0,0
53,0,0,1
54,1,0,1
55,0,0,0
56,1,0,0
57,1,1,1
58,0,0,0
59,0,1,1
60,0,1,0
61,0,0,0
62,0,0,1
63,0,0,0
64,0,0,1
65,0,1,0
66,1,0,1
67,1,0,1
68,0,0,0
69,1,0,1
70,1,0,0
71,1,0,0
72,1,1,0
73,0,1,1
74,1,0,1
75,0,0,0
76,1,0,0
77,1,1,1
78,1,0,0
79,0,1,0
80,1,0,1
81,0,0,0
82,1,0,1
83,0,0,0
84,1,1,1
85,0,1,0
86,0,0,0
87,1,0,1
88,0,1,0
89,1,1,1
90,1,1,0
91,1,1,1
92,1,0,1
93,1,1,1
94,1,0,1
95,1,1,0
96,1,1,0
97,1,1,1
98,1,1,1
99,1,1,1
100,0,0,0
101,0,0,0
102,1,1,0
103,1,1,0
104,1,0,1
105,1,1,1
106,1,1,1
107,1,0,0
108,1,1,0
109,1,1,0
110,0,0,1
111,1,0,1
112,0,0,0
113,1,1,1
114,1,0,0
115,0,0,0
116,1,0,1
117,0,0,0
118,1,0,1
119,1,0,0
120,0,1,1
121,1,1,1
122,0,0,1
123,1,0,0
124,0,0,0
125,0,1,1
126,1,1,1
127,1,1,0
128,0,1,0
129,1,1,0
130,1,1,1
131,1,1,0
132,0,1,0
133,0,1,1
134,0,0,0
135,0,0,0
136,0,0,0
137,0,0,1
138,0,1,1
139,0,1,1
140,0,0,1
141,1,1,1
142,0,0,1
143,1,1,1
144,1,0,0
145,1,1,0
146,0,1,1
147,0,0,0
148,0,1,0
149,0,0,1
150,1,0,0
151,0,0,0
152,0,0,0
153,0,1,0
154,0,1,0
155,0,1,1
156,1,0,1
157,0,1,1
158,1,0,0
159,0,1,1
160,1,1,0
161,0,1,0
162,0,0,0
163,1,1,0
164,1,1,1
165,1,0,1
166,0,1,0
167,1,0,1
168,0,1,0
169,0,0,1
170,1,0,1
171,1,1,0
172,0,0,1
173,0,0,0
174,1,0,1
175,1,0,0
176,1,0,0
177,0,0,1
178,0,1,1
179,0,0,0
180,0,0,1
181,0,1,1
182,0,1,0
183,1,1,0
184,0,1,1
185,0,1,0
186,0,1,0
187,1,1,0
188,0,0,1
189,0,0,1
190,1,1,0
191,0,0,1
192,0,0,0
193,0,0,1
194,0,1,0
195,0,1,0
196,1,0,1
197,1,1,0
198,1,0,1
199,0,0,1
200,0,0,0
201,0,0,0
202,1,1,1
203,0,1,0
204,0,1,0
205,1,0,0
206,0,1,0
207,1,0,0
208,1,1,1
209,1,0,1
210,0,0,0
211,0,0,0
212,0,1,0
213,0,1,1
214,0,1,0
215,0,1,1
216,0,0,1
217,1,1,1
218,0,1,0
219,1,0,1
220,0,0,0
221,0,0,1
222,0,1,0
223,1,0,1
224,1,0,0
225,1,0,1
226,1,1,0
227,0,0,0
228,1,1,0
229,0,1,0
230,0,0,1
231,1,0,1
232,1,1,0
233,1,0,1
234,1,0,0
235,1,1,0
236,1,1,1
237,1,0,0
238,1,1,0
239,0,0,1
240,1,0,0
241,1,0,0
242,0,1,0
243,1,0,0
244,0,0,1
245,0,0,1
246,1,1,1
247,0,1,0
248,0,1,0
249,0,1,1
250,0,1,0
251,1,0,0
252,0,1,0
253,1,1,0
254,0,1,1
255,0,0,1
256,0,1,1
257,0,1,0
258,1,0,1
259,1,1,1
260,0,0,0
261,0,0,0
262,1,0,1
263,0,0,1
264,0,0,1
265,0,1,1
266,1,0,0
267,1,0,1
268,1,1,1
269,0,0,0
270,0,1,1
271,1,1,0
272,1,1,0
273,1,0,0
274,1,0,1
275,0,0,1
276,1,1,0
277,0,0,1
278,1,0,1
279,0,0,0
280,1,1,0
281,1,1,1
282,1,0,0
283,1,0,1
284,0,0,1
285,1,0,1
286,0,1,1
287,0,1,0
288,0,1,0
289,0,1,0
290,1,0,0
291,0,0,1
292,0,0,1
293,0,1,0
294,1,0,1
295,1,1,1
296,1,1,1
297,1,0,0
298,0,0,0
299,0,0,0
300,1,1,1
301,0,0,0
302,0,1,0
303,0,0,0
304,1,1,0
305,1,1,0
306,0,0,0
307,1,1,1
308,1,1,1
309,1,0,0
310,1,1,0
311,1,0,1
312,0,1,1
313,1,0,0
314,0,0,0
315,0,1,0
316,1,1,0
317,0,1,1
318,0,1,0
319,0,1,0
320,1,0,0
321,1,1,0
322,0,0,1
323,1,0,1
324,1,1,1
325,1,0,0
326,1,0,0
327,0,0,1
328,0,0,0
329,1,1,0
330,1,0,1
331,0,1,1
332,0,1,1
333,1,0,1
334,0,1,0
335,1,1,0
336,1,1,1
337,0,0,0
338,0,1,1
339,1,1,1
340,1,1,0
341,0,0,1
342,1,1,0
343,0,0,0
344,1,0,0
345,0,0,0
346,0,0,1
347,0,0,0
348,1,0,1
349,1,1,1
350,0,0,1
351,1,1,1
352,0,1,0
353,0,0,0
354,1,1,1
355,1,1,1
356,0,1,0
357,1,1,1
358,1,0,0
359,0,1,1
360,0,0,0
361,1,1,1
362,0,1,1
363,0,0,0
364,1,1,1
365,0,1,1
366,0,1,0
367,1,0,1
368,1,1,0
369,0,0,0
370,0,1,1
371,1,0,1
372,1,0,1
373,1,1,1
374,1,1,1
375,0,0,1
376,1,0,1
377,1,1,0
378,0,0,1
379,1,1,0
380,0,1,1
381,1,1,1
382,1,1,0
383,1,0,1
384,0,1,1
385,0,0,0
386,1,1,1
387,0,0,1
388,0,1,1
389,0,0,0
390,0,0,1
391,0,1,1
392,0,1,1
393,1,1,1
394,1,1,0
395,0,0,0
396,1,1,1
397,1,0,1
398,1,0,0
399,1,1,0
400,0,0,1
401,1,0,0
402,1,0,1
403,0,0,0
404,0,1,0
405,1,1,0
406,1,1,0
407,1,1,1
408,1,0,0
409,1,0,0
410,1,1,1
411,0,1,0
412,1,1,0
413,1,0,1
414,0,1,0
415,0,1,1
416,0,1,1
417,0,0,1
418,1,0,1
419,1,0,0
420,1,0,1
421,1,0,0
422,1,0,0
423,1,0,0
424,0,0,0
425,1,1,0
426,0,1,0
427,0,0,0
428,1,0,0
429,0,1,0
430,1,0,0
431,0,0,1
432,1,0,1
433,0,1,1
434,1,1,0
435,1,1,1
436,1,1,1
437,1,1,1
438,1,0,0
439,0,1,0
440,0,0,0
441,0,0,0
442,1,1,1
443,0,1,1
444,1,0,1
445,1,0,1
446,0,0,0
447,0,1,0
448,1,1,0
449,0,1,1
450,1,1,0
451,1,1,0
452,1,0,1
453,1,1,1
454,1,0,0
455,0,0,0
456,0,0,0
457,1,1,0
458,1,1,0
459,0,1,0
460,0,0,1
461,1,0,1
462,0,0,1
463,1,0,0
464,0,0,1
465,1,0,0
466,0,1,0
467,1,1,1
468,0,1,0
469,0,1,0
470,1,0,1
471,0,0,1
472,1,1,1
473,0,0,0
474,1,1,1
475,0,1,1
476,1,1,0
477,0,0,1
478,1,1,1
479,0,1,1
480,1,1,0
481,1,0,0
482,1,0,0
483,0,1,0
484,1,0,1
485,0,0,0
486,1,0,0
487,0,0,1
488,1,0,1
489,0,0,1
490,0,0,0
491,1,0,0
492,0,0,0
493,0,0,1
494,1,1,1
495,0,1,0
496,0,0,1
497,0,1,1
498,1,1,1
499,0,0,0
500,1,0,1
501,0,0,1
502,0,1,0
503,0,1,0
504,1,0,1
505,0,0,1
506,0,0,0
507,1,1,0
508,0,1,1
509,1,1,1
510,1,1,1
511,0,0,1
512,1,0,0
513,0,0,1
514,1,0,1
515,1,1,0
516,0,1,1
517,1,0,0
518,1,0,1
519,1,1,1
520,1,0,0
521,1,1,0
522,0,0,1
523,1,0,1
524,0,0,1
525,1,0,0
526,0,0,1
527,0,0,0
528,1,0,0
529,1,1,1
530,1,1,0
531,0,1,1
532,1,1,1
533,0,1,1
534,0,0,1
535,0,0,1
536,1,1,0
537,1,0,0
538,0,1,1
539,0,1,1
540,1,0,0
541,0,0,0
542,1,0,0
543,0,1,0
544,1,0,1
545,0,1,1
546,1,1,0
547,0,1,1
548,1,0,0
549,1,0,1
550,0,1,0
551,0,0,1
552,1,0,0
553,0,0,0
554,1,1,1
555,0,1,0
556,1,0,1
557,1,1,1
558,1,0,0
559,1,0,1
560,1,0,1
561,1,0,1
562,0,1,1
563,0,1,1
564,0,1,0
565,1,0,1
566,1,0,1
567,1,0,1
568,1,1,1
569,0,0,1
570,0,1,0
571,1,1,1
572,0,1,0
573,0,1,0
574,1,1,0
575,0,1,0
576,1,0,1
577,0,0,0
578,1,1,0
579,1,1,1
580,1,0,1
581,1,1,1
582,0,1,0
583,1,0,1
584,1,1,1
585,1,1,0
586,0,1,1
587,1,0,1
588,0,0,1
589,1,0,1
590,0,1,0
591,0,1,1
592,1,0,1
593,0,1,0
594,1,1,1
595,1,1,0
596,1,1,1
597,0,1,0
598,0,0,0
599,1,1,0
600,1,0,0
601,0,1,1
602,1,0,0
603,1,1,1
604,1,0,0
605,0,1,0
606,0,0,0
607,0,1,1
608,1,0,0
609,1,1,1
610,1,0,1
611,0,0,1
612,1,1,1
613,1,1,1
614,1,0,1
615,1,1,1
616,0,0,1
617,0,0,1
618,1,0,0
619,0,1,0
620,0,0,0
621,1,0,0
622,1,1,0
623,0,1,1
624,1,1,1
625,0,1,1
626,1,0,1
627,0,0,1
628,1,0,1
629,0,0,1
630,0,1,0
631,0,0,0
632,1,0,0
633,0,1,0
634,0,0,1
635,1,0,1
636,1,0,1
637,0,0,0
638,0,0,1
639,1,0,1
640,1,1,1
641,1,1,0
642,1,0,1
643,1,0,0
644,0,1,0
645,1,0,0
646,0,0,0
647,0,0,1
648,0,1,0
649,1,0,0
650,0,1,1
651,0,0,1
652,1,1,0
653,0,1,1
654,0,0,0
655,1,1,0
656,0,0,0
657,0,1,0
658,0,0,1
659,1,0,0
660,1,1,1
661,1,0,1
662,0,0,1
663,0,1,1
664,1,0,0
665,0,0,1
666,0,1,0
667,1,1,1
668,1,0,1
669,0,0,0
670,0,1,0
671,0,1,0
672,1,0,1
673,1,1,1
674,1,0,0
675,1,0,0
676,0,0,0
677,1,0,0
678,1,0,1
679,1,1,0
680,1,1,0
681,1,1,0
682,0,1,0
683,0,0,1
684,1,0,0
685,0,0,1
686,1,0,0
687,1,1,0
688,0,0,1
689,0,0,0
690,1,1,1
691,1,1,1
692,1,1,0
693,0,1,1
694,1,0,1
695,1,0,1
696,1,1,1
697,0,0,1
698,1,0,1
699,1,0,1
700,0,1,1
701,1,0,0
702,1,1,0
703,0,0,1
704,1,0,0
705,0,0,1
706,0,1,1
707,1,0,0
708,1,1,1
709,1,1,1
710,1,1,1
711,0,0,1
712,1,0,0
713,0,0,1
714,1,0,1
715,1,1,1
716,1,1,0
717,0,1,1
718,1,0,0
719,1,1,0
720,1,0,1
721,1,1,1
722,0,0,0
723,1,0,1
724,0,1,0
725,0,1,0
726,0,1,1
727,0,1,1
728,0,0,0
729,0,1,0
730,1,1,0
731,0,1,0
732,0,0,1
733,0,0,1
734,1,1,1
735,1,0,1
736,0,1,1
737,1,0,0
738,0,0,1
739,0,0,1
740,1,0,1
741,0,1,1
742,1,1,1
743,1,1,0
744,0,0,0
745,0,1,0
746,1,1,1
747,0,1,0
748,0,0,0
749,0,0,1
750,1,0,1
751,1,1,1
752,0,1,0
753,1,1,0
754,1,0,1
755,1,0,1
756,1,1,0
757,1,0,0
758,0,0,1
759,0,0,1
760,0,0,0
761,1,1,1
762,1,0,0
763,0,0,0
764,1,0,0
765,0,0,0
766,0,1,1
767,0,1,1
768,1,0,0
769,1,0,0
770,0,0,0
771,0,0,0
772,0,0,0
773,0,0,1
774,1,1,1
775,1,0,1
776,0,1,1
777,0,1,0
778,1,0,0
779,1,1,0
780,0,1,0
781,0,1,0
782,0,1,1
783,1,1,0
784,1,1,1
785,1,0,1
786,0,1,1
787,0,1,1
788,1,1,0
789,1,0,1
790,0,1,1
791,1,0,1
792,1,1,0
793,0,0,0
794,1,0,0
795,0,1,1
796,0,1,1
797,0,0,0
798,0,1,1
799,0,0,0
800,0,0,0
801,0,0,1
802,1,0,1
803,0,0,1
804,0,1,1
805,1,0,0
806,1,0,0
807,1,1,0
808,0,0,0
809,1,1,0
810,0,1,1
811,0,1,0
812,0,0,0
813,0,0,0
814,1,0,1
815,1,1,1
816,0,0,1
817,0,1,1
818,0,0,0
819,1,1,0
820,0,0,1
821,0,0,1
822,1,0,0
823,1,1,0
824,0,1,1
825,1,0,1
826,1,0,1
827,0,1,1
828,1,1,0
829,0,1,0
830,1,0,0
831,0,1,1
832,0,0,1
833,0,1,0
834,1,0,0
835,0,1,0
836,1,1,0
837,0,1,1
838,0,1,0
839,1,1,0
840,0,0,0
841,0,1,0
842,1,1,0
843,0,1,0
844,0,0,0
845,0,1,1
846,0,0,1
847,1,1,1
848,1,1,1
849,0,0,0
850,1,1,1
851,0,0,1
852,1,0,0
853,0,1,0
854,0,0,1
855,0,1,1
856,0,1,0
857,0,0,1
858,0,0,0
859,1,0,0
860,0,0,0
861,1,1,0
862,0,1,1
863,1,0,0
864,1,1,0
865,1,1,1
866,0,1,0
867,0,1,1
868,1,0,1
869,0,0,1
870,1,1,0
871,0,0,1
872,1,0,1
873,1,0,0
874,0,1,1
875,1,1,1
876,0,1,1
877,1,0,1
878,1,1,1
879,0,1,0
880,0,0,1
881,0,1,1
882,1,1,0
883,0,0,0
884,1,0,0
885,1,0,1
886,0,1,0
887,0,1,1
888,1,1,1
889,1,0,0
890,0,0,0
891,0,1,1
892,0,1,0
893,0,0,1
894,0,0,0
895,1,0,0
896,1,0,0
897,1,1,1
898,1,0,0
899,0,1,1
900,0,1,1
901,0,1,1
902,1,0,1
903,1,0,0
904,0,0,1
905,0,0,1
906,1,1,0
907,1,0,1
908,0,0,0
909,0,1,1
910,1,0,0
911,0,1,1
912,0,1,0
913,0,1,1
914,1,1,1
915,1,1,0
916,1,1,0
917,1,1,0
918,1,1,0
919,1,0,1
920,1,0,1
921,0,0,0
922,0,0,1
923,0,1,0
924,0,0,0
925,0,1,1
926,0,0,1
927,0,0,1
928,1,0,1
929,1,1,1
930,0,0,1
931,0,1,1
932,1,1,0
933,0,0,0
934,0,0,0
935,1,0,0
936,0,1,0
937,1,0,1
938,0,1,0
939,1,1,0
940,1,0,0
941,1,0,0
942,0,1,0
943,1,1,0
944,0,1,0
945,0,0,1
946,0,1,1
947,0,0,0
948,1,1,1
949,1,1,1
950,0,0,1
951,0,1,1
952,1,0,0
953,0,0,1
954,1,1,1
955,0,0,1
956,0,0,0
957,1,1,0
958,0,0,0
959,1,0,0
960,0,0,0
961,0,1,0
962,0,0,0
963,1,1,1
964,0,1,1
965,0,0,1
966,0,0,0
967,0,0,0
968,1,1,0
969,1,0,0
970,0,0,0
971,1,0,1
972,0,0,1
973,0,0,0
974,0,1,0
975,1,1,0
976,1,0,0
977,1,0,1
978,1,0,0
979,1,0,0
980,1,1,0
981,1,0,0
982,1,1,1
983,1,1,0
984,0,0,0
985,1,1,1
986,1,1,1
987,1,1,1
988,1,1,0
989,1,0,0
990,1,0,1
991,1,1,1
992,1,0,1
993,1,0,1
994,1,0,1
995,1,0,1
996,0,0,0
997,0,1,0
998,1,0,0
999,1,0,1
1000,0,0,1
